{"scope.version":"2","timeline.animationMode":"proMode","viewport.width":300,"viewport.height":250,"publish.local.location":"C:\\Users\\djordje.pajovic\\Desktop\\std_300x250\\publish","publish.local.name":"my_published_ad","publish.local.flatten":true,"publish.local.minify":false,"publish.local.inlineFiles":true,"publish.local.createZip":true,"publish.local.politeLoad":false,"publish.local.exportMozilla":true,"publish.local.exportWebkit":true,"publish.local.unpackGroups":true,"publish.local.addBorder":true,"publish.local.useLightBorder":false,"publish.local.borderColor":"rgba(0,0,0,1)","publish.drive.flatten":true,"publish.drive.minify":true,"publish.drive.inlineFiles":false,"publish.drive.createZip":true,"publish.drive.politeLoad":false,"publish.drive.exportMozilla":true,"publish.drive.exportWebkit":true,"publish.drive.unpackGroups":true,"publish.drive.addBorder":false,"publish.drive.useLightBorder":false,"publish.drive.borderColor":"rgba(0,0,0,1)","publish.studio.flatten":true,"publish.studio.minify":true,"publish.studio.inlineFiles":false,"publish.studio.createZip":true,"publish.studio.politeLoad":false,"publish.studio.exportMozilla":true,"publish.studio.exportWebkit":true,"publish.studio.unpackGroups":true,"publish.studio.addBorder":false,"publish.studio.useLightBorder":false,"publish.studio.borderColor":"rgba(0,0,0,1)","library.panelWidth":226,"library.columnWidths":[],"library.openDirectories":[],"library.GroupsPath":[],"library.downloadedAssets":[],"color.customColorPalettes":[],"timeline.showOnlyAnimatedLayers":false}